1,Century 21,Mamadou Diop,Paris,"Bel appartement lumineux situé dans le quartier animé de Belleville. À proximité des cafés, des boutiques et des transports en commun. L'appartement offre une vue imprenable sur la Tour Eiffel depuis le balcon. Les grandes fenêtres laissent entrer beaucoup de lumière naturelle, créant une atmosphère chaleureuse. La cuisine est moderne et entièrement équipée. La chambre principale spacieuse dispose d'un dressing. Le salon confortable est idéal pour se détendre en famille. Une opportunité rare dans un emplacement prisé.",75020,90,4,120000
2,Stéphane Plaza,Khadija Zouari,Saint-Denis,"Charmante maison de ville avec jardin à Saint-Denis. La maison offre un espace de vie spacieux et lumineux. La cuisine moderne est équipée de tous les appareils nécessaires. Les chambres sont confortables, parfaites pour une famille. Le jardin privé est idéal pour se détendre ou organiser des barbecues entre amis. Proche des écoles, des parcs et des transports en commun.",93200,120,5,145000
3,Particulier,Omar Benmessaoud,Levallois-Perret,"Studio moderne et élégant à Levallois-Perret. L'appartement est meublé avec goût et offre un espace de vie fonctionnel. La kitchenette est équipée de tous les éléments essentiels. La salle de bains est moderne avec une douche à l'italienne. L'emplacement est idéal, à proximité des commerces, des restaurants et des transports en commun.",92300,35,1,15000
4,Agence ImmoExpress,Fatima Traoré,Aubervilliers,"HLM rénové avec vue sur la ville à Aubervilliers. L'appartement offre un espace de vie confortable avec une cuisine entièrement équipée. Les chambres sont lumineuses et bien aménagées. Proche des transports en commun, des écoles et des commerces.",93300,65,3,800
5,Century 21,Mohamed Khattabi,Neuilly-sur-Seine,"Appartement de standing à Neuilly-sur-Seine. Les finitions de haute qualité et le design moderne en font une propriété exceptionnelle. La cuisine est équipée des derniers appareils. Les chambres sont spacieuses avec des armoires encastrées. La résidence offre des espaces verts et un service de sécurité. Proche des écoles internationales et des boutiques de luxe.",92200,100,4,175000
6,Stéphane Plaza,Mariam Diallo,Boulogne-Billancourt,"Maison familiale chaleureuse à Boulogne-Billancourt. La maison dispose d'un grand salon avec une cheminée, idéal pour les soirées en famille. La cuisine est entièrement équipée avec des appareils modernes. Les chambres sont confortables avec beaucoup de rangement. Le jardin privé est parfait pour les enfants et les animaux de compagnie. Proche des écoles et des parcs.",92100,130,6,225000
7,Particulier,Ahmed Zemmouri,Issy-les-Moulineaux,"Studio cosy à Issy-les-Moulineaux. L'appartement est meublé de manière pratique et offre un espace de vie confortable. La kitchenette est équipée de tous les éléments essentiels. La salle de bains est moderne avec une douche à l'italienne. L'emplacement est idéal, proche des transports en commun et des restaurants locaux.",92130,40,1,900
8,Agence ImmoExpress,Aïcha Benali,Clichy,"HLM spacieux avec vue dégagée sur Clichy. L'appartement offre un espace de vie lumineux et bien agencé. Les chambres sont confortables avec des armoires encastrées. Proche des commerces, des écoles et des espaces verts.",92110,75,4,400
9,Century 21,Sofiane Diakité,Montreuil,"Bel appartement rénové à Montreuil. L'appartement offre une vue panoramique sur la ville et est situé à proximité des nouveaux développements urbains. Les grandes fenêtres laissent entrer beaucoup de lumière naturelle, créant une atmosphère chaleureuse. La cuisine est moderne et bien équipée. Les chambres sont spacieuses avec des rangements intégrés.",93100,85,3,300000
10,Stéphane Plaza,Kadiatou Meziane,Saint-Denis,"Maison spacieuse avec jardin à Saint-Denis. La maison offre un grand salon lumineux avec accès direct au jardin. La cuisine moderne est équipée de tous les appareils nécessaires. Les chambres sont confortables avec des armoires encastrées. Le jardin privé est parfait pour les barbecues en famille. Proche des écoles, des parcs et des transports en commun.",93200,110,5,445000
11,Particulier,Mohamed Boudjema,Courbevoie,"Studio moderne avec vue sur La Défense à Courbevoie. L'appartement est meublé avec goût et offre un espace de vie fonctionnel. La kitchenette est équipée de tous les éléments essentiels. L'emplacement est idéal, proche des centres d'affaires et des transports en commun.",92400,32,1,1000
12,Agence ImmoExpress,Fatima Khattabi,Levallois-Perret,"HLM rénové avec accès facile aux transports en commun à Levallois-Perret. L'appartement offre un espace de vie confortable avec une cuisine entièrement équipée. Les chambres sont lumineuses et bien aménagées. Proche des commerces et des écoles.",92300,60,3,800
13,Century 21,Lydia Traoré,Poissy,"Bel appartement lumineux à Poissy. L'appartement offre un espace de vie confortable avec une vue dégagée sur la ville. La cuisine est équipée des derniers appareils. Les chambres sont spacieuses avec des rangements intégrés. Proche des transports en commun, des écoles et des commerce,78300,80,4,60000
14,Stéphane Plaza,Laila Traoré,Pantin,"Appartement lumineux et moderne à Pantin. Situé dans un quartier en plein essor, proche des transports en commun et des commerces. La cuisine est entièrement équipée avec des appareils modernes. Les chambres offrent un espace confortable avec des vues panoramiques sur la ville. L'appartement est idéal pour les jeunes professionnels ou les familles.",93500,75,3,145000
15,Particulier,Saad Bouazza,Bondy,"Maison de ville rénovée avec jardin à Bondy. Le salon spacieux offre beaucoup de lumière naturelle. La cuisine est moderne et équipée. Les chambres sont bien aménagées avec des armoires encastrées. Le jardin privé est parfait pour les réunions en famille. Proche des écoles, des parcs et des transports en commun.",93140,110,5,105000
16,Century 21,Nadia Bensaid,Vincennes,"Studio élégant et confortable à Vincennes. L'appartement est meublé avec goût et offre une atmosphère chaleureuse. La kitchenette est équipée de tous les éléments essentiels. La salle de bains est moderne avec une douche à l'italienne. L'emplacement est idéal, proche des espaces verts et des transports en commun.",94300,30,1,5000
17,Agence ImmoExpress,Samir Traoré,Bagneux,"HLM spacieux avec vue dégagée sur Bagneux. L'appartement offre un espace de vie lumineux et bien agencé. Les chambres sont confortables avec des armoires encastrées. Proche des commerces, des écoles et des espaces verts.",92220,80,4,700
18,Stéphane Plaza,Amira Karamoko,Colombes,"Maison de ville charmante à Colombes. Le salon spacieux est idéal pour les réunions en famille. La cuisine est équipée de tous les appareils nécessaires. Les chambres sont confortables avec des vues sur le jardin. Le jardin privé est parfait pour les barbecues entre amis.",92700,120,6,400000
19,Particulier,Ayoub Meziane,Sarcelles,"Appartement rénové avec vue sur Sarcelles. L'appartement offre un espace de vie confortable avec une cuisine moderne. Les chambres sont lumineuses et bien aménagées. Proche des transports en commun, des écoles et des commerces.",95200,65,3,50000
20,Century 21,Sara Benali,Gennevilliers,"Maison moderne avec jardin à Gennevilliers. La maison dispose d'un grand salon lumineux avec accès au jardin. La cuisine est entièrement équipée avec des appareils modernes. Les chambres sont confortables avec des armoires encastrées. Le jardin privé est idéal pour les jeux en plein air.",92230,100,5,200000
21,Agence ImmoExpress,Hamid Diakité,Montmorency,"Studio cosy à Montmorency. L'appartement est meublé de manière pratique et offre un espace de vie confortable. La kitchenette est équipée de tous les éléments essentiels. La salle de bains est moderne avec une douche à l'italienne. L'emplacement est idéal, proche des transports en commun et des restaurants locaux.",95160,40,1,940
22,Stéphane Plaza,Hiba Boudjema,Montrouge,"HLM rénové avec accès facile aux transports en commun à Montrouge. L'appartement offre un espace de vie confortable avec une cuisine entièrement équipée. Les chambres sont lumineuses et bien aménagées. Proche des commerces et des écoles.",92120,55,3,650
23,Particulier,Abdel Traoré,Maisons-Alfort,"Bel appartement avec vue sur la Seine à Maisons-Alfort. L'appartement offre un espace de vie confortable avec une cuisine moderne. Les chambres sont spacieuses avec des rangements intégrés. Proche des transports en commun, des écoles et des commerces.",94700,85,4,57500
24,Century 21,Najat Diallo,Garges-lès-Gonesse,"Maison familiale avec jardin à Garges-lès-Gonesse. La maison dispose d'un grand salon lumineux avec accès direct au jardin. La cuisine moderne est équipée de tous les appareils nécessaires. Les chambres sont confortables avec des armoires encastrées. Le jardin privé est parfait pour les barbecues en famille.",95140,130,6,380500
25,Agence ImmoExpress,Mohamed Khattabi,Le Blanc-Mesnil,"Studio moderne avec vue dégagée au Blanc-Mesnil. L'appartement est meublé avec goût et offre un espace de vie fonctionnel. La kitchenette est équipée de tous les éléments essentiels. L'emplacement est idéal, proche des centres d'affaires et des transports en commun.",93150,32,1,2000
26,Stéphane Plaza,Zahra Benali,Châtillon,"HLM spacieux avec vue dégagée sur Châtillon. L'appartement offre un espace de vie lumineux et bien agencé. Les chambres sont confortables avec des armoires encastrées. Proche des commerces, des écoles et des espaces verts.",92320,75,4,1200
27,Particulier,Khalid Karamoko,Le Plessis-Robinson,"Appartement lumineux à Le Plessis-Robinson. L'appartement offre une vue panoramique sur la ville et est situé à proximité des nouveaux développements urbains. La cuisine est moderne et bien équipée. Les chambres sont spacieuses avec des rangements intégrés.",92350,95,4,Appartement,120500
28,Century 21,Samira Zemmouri,Clamart,"Maison de ville rénovée avec jardin à Clamart. Le salon spacieux offre beaucoup de lumière naturelle. La cuisine est moderne et équipée. Les chambres sont bien aménagées avec des armoires encastrées. Le jardin privé est parfait pour les réunions en famille. Proche des écoles, des parc, des marabouts sénégalo-tunisien",92450,70,3,85000
29,Agence ImmoExpress,Karima Meziane,Boulogne-Billancourt,"Appartement moderne à Boulogne-Billancourt. Situé dans un quartier prisé, proche des commerces et des écoles. La cuisine est entièrement équipée avec des appareils de haute qualité. Les chambres offrent un espace confortable avec des vues panoramiques sur la ville. L'appartement est idéal pour les professionnels ou les couples.",92100,70,3,245000
30,Stéphane Plaza,Youssef Diakité,Asnières-sur-Seine,"Maison de charme avec jardin à Asnières-sur-Seine. Le salon spacieux est idéal pour les réunions en famille. La cuisine est équipée de tous les appareils nécessaires. Les chambres sont confortables avec des vues sur le jardin. Le jardin privé est idéal pour les jeux en plein air. Proche des écoles, des parcs et des transports en commun.",92600,110,5,345000